Abyssinian_1.jpg,Abyssinian
Abyssinian_10.jpg,Abyssinian
Abyssinian_100.jpg,Abyssinian
Abyssinian_101.jpg,Abyssinian
Abyssinian_102.jpg,Abyssinian
american_bulldog_10.jpg,american_bulldog
american_bulldog_100.jpg,american_bulldog
american_bulldog_101.jpg,american_bulldog
american_bulldog_102.jpg,american_bulldog
american_bulldog_103.jpg,american_bulldog
american_pit_bull_terrier_1.jpg,american_pit_bull_terrier
american_pit_bull_terrier_10.jpg,american_pit_bull_terrier
american_pit_bull_terrier_100.jpg,american_pit_bull_terrier
american_pit_bull_terrier_101.jpg,american_pit_bull_terrier
american_pit_bull_terrier_102.jpg,american_pit_bull_terrier
basset_hound_1.jpg,basset_hound
basset_hound_10.jpg,basset_hound
basset_hound_100.jpg,basset_hound
basset_hound_101.jpg,basset_hound
basset_hound_102.jpg,basset_hound
beagle_1.jpg,beagle
beagle_10.jpg,beagle
beagle_100.jpg,beagle
beagle_101.jpg,beagle
beagle_102.jpg,beagle
Bengal_1.jpg,Bengal
Bengal_10.jpg,Bengal
Bengal_100.jpg,Bengal
Bengal_101.jpg,Bengal
Bengal_102.jpg,Bengal
Birman_1.jpg,Birman
Birman_10.jpg,Birman
Birman_100.jpg,Birman
Birman_101.jpg,Birman
Birman_102.jpg,Birman
Bombay_1.jpg,Bombay
Bombay_10.jpg,Bombay
Bombay_100.jpg,Bombay
Bombay_101.jpg,Bombay
Bombay_102.jpg,Bombay
boxer_1.jpg,boxer
boxer_10.jpg,boxer
boxer_100.jpg,boxer
boxer_101.jpg,boxer
boxer_102.jpg,boxer
British_Shorthair_10.jpg,British_Shorthair
British_Shorthair_100.jpg,British_Shorthair
British_Shorthair_101.jpg,British_Shorthair
British_Shorthair_102.jpg,British_Shorthair
British_Shorthair_103.jpg,British_Shorthair
chihuahua_1.jpg,chihuahua
chihuahua_10.jpg,chihuahua
chihuahua_100.jpg,chihuahua
chihuahua_101.jpg,chihuahua
chihuahua_102.jpg,chihuahua
Egyptian_Mau_1.jpg,Egyptian_Mau
Egyptian_Mau_10.jpg,Egyptian_Mau
Egyptian_Mau_100.jpg,Egyptian_Mau
Egyptian_Mau_101.jpg,Egyptian_Mau
Egyptian_Mau_102.jpg,Egyptian_Mau
english_cocker_spaniel_1.jpg,english_cocker_spaniel
english_cocker_spaniel_10.jpg,english_cocker_spaniel
english_cocker_spaniel_100.jpg,english_cocker_spaniel
english_cocker_spaniel_101.jpg,english_cocker_spaniel
english_cocker_spaniel_102.jpg,english_cocker_spaniel
english_setter_1.jpg,english_setter
english_setter_10.jpg,english_setter
english_setter_100.jpg,english_setter
english_setter_101.jpg,english_setter
english_setter_102.jpg,english_setter
german_shorthaired_1.jpg,german_shorthaired
german_shorthaired_10.jpg,german_shorthaired
german_shorthaired_100.jpg,german_shorthaired
german_shorthaired_101.jpg,german_shorthaired
german_shorthaired_102.jpg,german_shorthaired
great_pyrenees_1.jpg,great_pyrenees
great_pyrenees_10.jpg,great_pyrenees
great_pyrenees_100.jpg,great_pyrenees
great_pyrenees_101.jpg,great_pyrenees
great_pyrenees_102.jpg,great_pyrenees
havanese_1.jpg,havanese
havanese_10.jpg,havanese
havanese_100.jpg,havanese
havanese_101.jpg,havanese
havanese_102.jpg,havanese
japanese_chin_1.jpg,japanese_chin
japanese_chin_10.jpg,japanese_chin
japanese_chin_100.jpg,japanese_chin
japanese_chin_101.jpg,japanese_chin
japanese_chin_102.jpg,japanese_chin
keeshond_1.jpg,keeshond
keeshond_10.jpg,keeshond
keeshond_100.jpg,keeshond
keeshond_101.jpg,keeshond
keeshond_102.jpg,keeshond
leonberger_1.jpg,leonberger
leonberger_10.jpg,leonberger
leonberger_100.jpg,leonberger
leonberger_101.jpg,leonberger
leonberger_102.jpg,leonberger
Maine_Coon_1.jpg,Maine_Coon
Maine_Coon_10.jpg,Maine_Coon
Maine_Coon_100.jpg,Maine_Coon
Maine_Coon_101.jpg,Maine_Coon
Maine_Coon_102.jpg,Maine_Coon
miniature_pinscher_1.jpg,miniature_pinscher
miniature_pinscher_10.jpg,miniature_pinscher
miniature_pinscher_100.jpg,miniature_pinscher
miniature_pinscher_101.jpg,miniature_pinscher
miniature_pinscher_102.jpg,miniature_pinscher
newfoundland_1.jpg,newfoundland
newfoundland_10.jpg,newfoundland
newfoundland_100.jpg,newfoundland
newfoundland_101.jpg,newfoundland
newfoundland_102.jpg,newfoundland
Persian_1.jpg,Persian
Persian_10.jpg,Persian
Persian_100.jpg,Persian
Persian_101.jpg,Persian
Persian_102.jpg,Persian
pomeranian_1.jpg,pomeranian
pomeranian_10.jpg,pomeranian
pomeranian_100.jpg,pomeranian
pomeranian_101.jpg,pomeranian
pomeranian_102.jpg,pomeranian
pug_1.jpg,pug
pug_10.jpg,pug
pug_100.jpg,pug
pug_101.jpg,pug
pug_102.jpg,pug
Ragdoll_1.jpg,Ragdoll
Ragdoll_10.jpg,Ragdoll
Ragdoll_100.jpg,Ragdoll
Ragdoll_101.jpg,Ragdoll
Ragdoll_103.jpg,Ragdoll
Russian_Blue_1.jpg,Russian_Blue
Russian_Blue_10.jpg,Russian_Blue
Russian_Blue_100.jpg,Russian_Blue
Russian_Blue_101.jpg,Russian_Blue
Russian_Blue_102.jpg,Russian_Blue
saint_bernard_1.jpg,saint_bernard
saint_bernard_10.jpg,saint_bernard
saint_bernard_100.jpg,saint_bernard
saint_bernard_101.jpg,saint_bernard
saint_bernard_102.jpg,saint_bernard
samoyed_1.jpg,samoyed
samoyed_10.jpg,samoyed
samoyed_100.jpg,samoyed
samoyed_101.jpg,samoyed
samoyed_102.jpg,samoyed
scottish_terrier_1.jpg,scottish_terrier
scottish_terrier_10.jpg,scottish_terrier
scottish_terrier_100.jpg,scottish_terrier
scottish_terrier_101.jpg,scottish_terrier
scottish_terrier_102.jpg,scottish_terrier
shiba_inu_1.jpg,shiba_inu
shiba_inu_10.jpg,shiba_inu
shiba_inu_100.jpg,shiba_inu
shiba_inu_101.jpg,shiba_inu
shiba_inu_102.jpg,shiba_inu
Siamese_100.jpg,Siamese
Siamese_101.jpg,Siamese
Siamese_102.jpg,Siamese
Siamese_103.jpg,Siamese
Siamese_104.jpg,Siamese
Sphynx_1.jpg,Sphynx
Sphynx_102.jpg,Sphynx
Sphynx_103.jpg,Sphynx
Sphynx_104.jpg,Sphynx
Sphynx_105.jpg,Sphynx
staffordshire_bull_terrier_1.jpg,staffordshire_bull_terrier
staffordshire_bull_terrier_10.jpg,staffordshire_bull_terrier
staffordshire_bull_terrier_100.jpg,staffordshire_bull_terrier
staffordshire_bull_terrier_101.jpg,staffordshire_bull_terrier
staffordshire_bull_terrier_102.jpg,staffordshire_bull_terrier
wheaten_terrier_1.jpg,wheaten_terrier
wheaten_terrier_10.jpg,wheaten_terrier
wheaten_terrier_100.jpg,wheaten_terrier
wheaten_terrier_101.jpg,wheaten_terrier
wheaten_terrier_102.jpg,wheaten_terrier
yorkshire_terrier_1.jpg,yorkshire_terrier
yorkshire_terrier_10.jpg,yorkshire_terrier
yorkshire_terrier_100.jpg,yorkshire_terrier
yorkshire_terrier_101.jpg,yorkshire_terrier
yorkshire_terrier_102.jpg,yorkshire_terrier
